gyroX, -75.50, gyroY, 33.81, gyroZ, 136.17, accX, -1.11, accY, -0.12, accZ, 0.47, Pitch, 24.88, Roll, 60.03, Yaw, 8.58
gyroX, -66.28, gyroY, 50.84, gyroZ, 147.95, accX, -1.00, accY, -0.11, accZ, 0.25, Pitch, 10.64, Roll, 43.86, Yaw, 51.78
gyroX, -89.48, gyroY, 18.37, gyroZ, 166.50, accX, -0.96, accY, -0.07, accZ, 0.23, Pitch, 10.76, Roll, 12.98, Yaw, 112.81
gyroX, -85.14, gyroY, -51.45, gyroZ, 174.93, accX, -0.72, accY, 0.14, accZ, 0.37, Pitch, 12.55, Roll, -4.66, Yaw, -182.61
gyroX, -72.20, gyroY, -70.98, gyroZ, 123.66, accX, -0.71, accY, 0.30, accZ, 0.35, Pitch, 10.19, Roll, -11.20, Yaw, -128.05
gyroX, -50.54, gyroY, -136.90, gyroZ, 122.80, accX, -0.76, accY, 0.45, accZ, 0.56, Pitch, -4.41, Roll, -21.06, Yaw, -65.97
gyroX, -21.42, gyroY, -156.13, gyroZ, 101.62, accX, -0.62, accY, 0.53, accZ, 0.66, Pitch, -28.47, Roll, -46.34, Yaw, 20.17
gyroX, 9.83, gyroY, -127.26, gyroZ, 94.73, accX, -0.71, accY, 0.46, accZ, 0.71, Pitch, -6.56, Roll, -52.51, Yaw, 114.71
gyroX, 27.65, gyroY, -137.88, gyroZ, 88.26, accX, -0.46, accY, 0.48, accZ, 0.70, Pitch, -18.44, Roll, -28.28, Yaw, -155.87
gyroX, 19.10, gyroY, -76.05, gyroZ, 38.02, accX, -0.38, accY, 0.58, accZ, 0.74, Pitch, -25.30, Roll, -21.63, Yaw, -140.14
gyroX, -0.79, gyroY, -36.38, gyroZ, -4.82, accX, -0.34, accY, 0.68, accZ, 0.75, Pitch, -26.65, Roll, -14.25, Yaw, -143.00
gyroX, -51.15, gyroY, -18.01, gyroZ, -122.99, accX, -0.26, accY, 0.65, accZ, 0.69, Pitch, -29.83, Roll, -1.52, Yaw, -170.75
gyroX, -112.67, gyroY, 142.46, gyroZ, -252.81, accX, -0.56, accY, 0.51, accZ, 0.89, Pitch, 9.58, Roll, -11.34, Yaw, 120.29
gyroX, -128.42, gyroY, 82.15, gyroZ, -305.24, accX, -0.50, accY, 0.02, accZ, 0.73, Pitch, -38.02, Roll, 27.72, Yaw, -175.94
gyroX, -56.95, gyroY, 122.44, gyroZ, -295.59, accX, -1.33, accY, -0.29, accZ, 0.90, Pitch, 26.16, Roll, -50.43, Yaw, 39.14
gyroX, -50.42, gyroY, 84.59, gyroZ, -248.17, accX, -0.85, accY, -0.47, accZ, 0.40, Pitch, -40.65, Roll, -53.55, Yaw, -62.97
gyroX, -21.12, gyroY, -9.70, gyroZ, -129.09, accX, -1.37, accY, -0.55, accZ, 0.62, Pitch, -42.19, Roll, 9.62, Yaw, -172.11
gyroX, 14.65, gyroY, -26.92, gyroZ, 139.16, accX, -2.11, accY, -0.70, accZ, 0.82, Pitch, -27.85, Roll, -0.08, Yaw, -160.91
gyroX, 27.83, gyroY, -83.50, gyroZ, 316.89, accX, -0.92, accY, -0.52, accZ, 0.71, Pitch, -7.00, Roll, -28.86, Yaw, -67.57
gyroX, 86.98, gyroY, -87.52, gyroZ, 393.74, accX, -0.61, accY, -0.16, accZ, 0.78, Pitch, 8.20, Roll, 3.57, Yaw, 41.20
gyroX, 145.20, gyroY, -116.70, gyroZ, 388.98, accX, -0.44, accY, 0.13, accZ, 0.64, Pitch, -39.84, Roll, 13.44, Yaw, 144.65
gyroX, 238.46, gyroY, -314.03, gyroZ, 392.76, accX, 0.17, accY, 0.36, accZ, 0.43, Pitch, -30.29, Roll, -73.76, Yaw, -22.84
gyroX, 249.51, gyroY, -322.75, gyroZ, 290.89, accX, -0.07, accY, 0.53, accZ, 0.36, Pitch, -22.63, Roll, -25.10, Yaw, 94.78
gyroX, 232.24, gyroY, -421.94, gyroZ, 186.89, accX, 0.14, accY, 0.75, accZ, 0.46, Pitch, -54.28, Roll, -113.05, Yaw, -69.64
gyroX, 255.62, gyroY, -426.21, gyroZ, 134.95, accX, 0.17, accY, 0.92, accZ, 0.68, Pitch, 4.88, Roll, -72.80, Yaw, 39.82
gyroX, 235.05, gyroY, -364.81, gyroZ, 7.63, accX, 0.34, accY, 0.78, accZ, 0.45, Pitch, -29.97, Roll, -154.07, Yaw, -29.66
gyroX, 199.46, gyroY, -304.14, gyroZ, -47.12, accX, -0.03, accY, 0.61, accZ, 0.30, Pitch, 16.87, Roll, -101.87, Yaw, 41.53
gyroX, 124.69, gyroY, -162.05, gyroZ, -70.13, accX, 0.07, accY, 0.58, accZ, 0.43, Pitch, -19.76, Roll, -38.73, Yaw, 91.17
gyroX, 22.71, gyroY, 25.15, gyroZ, -100.77, accX, 0.22, accY, 1.17, accZ, 0.09, Pitch, -17.06, Roll, 33.56, Yaw, 47.70
gyroX, 25.76, gyroY, 75.99, gyroZ, -119.51, accX, -0.45, accY, 1.04, accZ, 0.24, Pitch, 58.69, Roll, 50.92, Yaw, 13.91
gyroX, -27.40, gyroY, 61.52, gyroZ, -75.50, accX, -0.31, accY, 1.08, accZ, -0.05, Pitch, 65.38, Roll, 150.91, Yaw, 122.05
gyroX, -68.85, gyroY, 25.57, gyroZ, 22.22, accX, -0.48, accY, 1.28, accZ, 0.34, Pitch, 57.03, Roll, 109.71, Yaw, 113.93
gyroX, -21.67, gyroY, -63.17, gyroZ, 19.78, accX, 0.81, accY, 0.70, accZ, 0.01, Pitch, 25.65, Roll, 85.83, Yaw, 105.04
gyroX, -192.44, gyroY, 23.19, gyroZ, -5.74, accX, -0.41, accY, 0.86, accZ, 0.11, Pitch, 42.51, Roll, 27.13, Yaw, 109.47
gyroX, -239.99, gyroY, 101.81, gyroZ, -19.65, accX, -0.51, accY, 1.32, accZ, 0.15, Pitch, 84.24, Roll, 52.00, Yaw, -131.12
gyroX, -124.63, gyroY, -129.64, gyroZ, 83.31, accX, -0.35, accY, 0.90, accZ, 0.33, Pitch, 14.91, Roll, 8.66, Yaw, -109.77
gyroX, -304.02, gyroY, 381.59, gyroZ, 114.26, accX, 0.43, accY, 0.13, accZ, 0.60, Pitch, 77.11, Roll, 146.59, Yaw, 166.37
gyroX, -290.83, gyroY, 394.59, gyroZ, 22.83, accX, 1.13, accY, 1.07, accZ, 0.77, Pitch, 9.57, Roll, 118.02, Yaw, -133.73
gyroX, -118.71, gyroY, 174.80, gyroZ, -17.76, accX, -0.19, accY, 0.81, accZ, 1.33, Pitch, 5.12, Roll, 86.47, Yaw, -95.85
gyroX, -22.89, gyroY, 52.19, gyroZ, 9.58, accX, -0.28, accY, 0.72, accZ, 0.79, Pitch, 6.10, Roll, 78.30, Yaw, -88.51
gyroX, -5.07, gyroY, -42.91, gyroZ, 53.83, accX, -0.34, accY, 0.59, accZ, 0.38, Pitch, -0.61, Roll, 73.44, Yaw, -94.30
gyroX, -72.08, gyroY, 71.29, gyroZ, 87.52, accX, -0.33, accY, 0.52, accZ, 0.29, Pitch, -6.26, Roll, 53.79, Yaw, -70.69
gyroX, -93.02, gyroY, 39.67, gyroZ, 166.26, accX, 0.00, accY, 0.59, accZ, 0.60, Pitch, 0.97, Roll, 21.50, Yaw, -15.21
gyroX, -161.93, gyroY, 80.75, gyroZ, 88.20, accX, 0.00, accY, 0.47, accZ, 0.50, Pitch, 44.05, Roll, -24.34, Yaw, 46.52
gyroX, -251.46, gyroY, 1.65, gyroZ, 99.00, accX, -0.40, accY, 0.32, accZ, 0.78, Pitch, 61.17, Roll, -45.72, Yaw, 112.46
gyroX, -223.88, gyroY, -137.94, gyroZ, 106.81, accX, 0.48, accY, 0.39, accZ, 0.74, Pitch, 19.22, Roll, -38.80, Yaw, -130.16
gyroX, -230.77, gyroY, -130.49, gyroZ, -41.32, accX, 0.32, accY, 0.21, accZ, 1.75, Pitch, 5.30, Roll, -102.53, Yaw, -95.72
gyroX, -98.82, gyroY, -99.49, gyroZ, -9.46, accX, -0.08, accY, 0.12, accZ, 1.13, Pitch, 24.58, Roll, -126.23, Yaw, -28.52
gyroX, -141.17, gyroY, -80.81, gyroZ, 117.61, accX, -0.90, accY, 0.01, accZ, 0.84, Pitch, 82.35, Roll, 139.02, Yaw, -73.16
gyroX, -219.79, gyroY, 109.50, gyroZ, 317.02, accX, -0.33, accY, -0.12, accZ, 1.85, Pitch, -0.70, Roll, 31.41, Yaw, -36.58
gyroX, -80.63, gyroY, 128.97, gyroZ, 231.87, accX, -0.16, accY, -0.47, accZ, 1.46, Pitch, 40.29, Roll, -5.38, Yaw, 77.95
gyroX, -81.12, gyroY, 225.40, gyroZ, 215.21, accX, -0.37, accY, -0.28, accZ, 1.53, Pitch, 47.42, Roll, 83.98, Yaw, -141.23
gyroX, -56.40, gyroY, 356.38, gyroZ, 369.51, accX, -0.28, accY, -1.08, accZ, 2.05, Pitch, -28.91, Roll, 35.20, Yaw, -4.12
gyroX, 64.15, gyroY, 314.15, gyroZ, 354.74, accX, -0.15, accY, -0.74, accZ, 2.14, Pitch, 30.04, Roll, 47.31, Yaw, 168.34
gyroX, 157.59, gyroY, 300.78, gyroZ, 386.78, accX, -0.68, accY, -0.72, accZ, 2.19, Pitch, -32.50, Roll, 19.37, Yaw, 4.92
gyroX, 286.80, gyroY, 331.54, gyroZ, 433.59, accX, -0.71, accY, -0.78, accZ, 2.04, Pitch, -26.29, Roll, 69.39, Yaw, -132.29
gyroX, 463.44, gyroY, 386.35, gyroZ, 458.86, accX, 0.75, accY, -0.68, accZ, 1.52, Pitch, -21.82, Roll, 62.10, Yaw, -171.91
gyroX, 608.64, gyroY, 179.81, gyroZ, 252.87, accX, 2.06, accY, -0.51, accZ, 1.12, Pitch, -39.58, Roll, 27.45, Yaw, 119.01
gyroX, 568.66, gyroY, -175.48, gyroZ, -37.48, accX, 1.13, accY, -0.64, accZ, -1.77, Pitch, -31.61, Roll, -110.60, Yaw, 112.00
gyroX, 312.68, gyroY, -547.24, gyroZ, -290.47, accX, 0.09, accY, 0.11, accZ, -0.08, Pitch, -11.21, Roll, -133.98, Yaw, -20.61
gyroX, 408.63, gyroY, -117.55, gyroZ, -444.82, accX, -1.38, accY, -0.07, accZ, -2.62, Pitch, -46.54, Roll, 167.64, Yaw, -81.11
gyroX, -43.64, gyroY, -341.00, gyroZ, -148.13, accX, -0.43, accY, -0.32, accZ, -0.71, Pitch, 52.36, Roll, -63.50, Yaw, 146.38
gyroX, -164.55, gyroY, -363.10, gyroZ, -218.81, accX, -0.81, accY, -0.58, accZ, 0.09, Pitch, 39.36, Roll, -93.56, Yaw, 126.33
gyroX, -132.14, gyroY, -442.75, gyroZ, -72.88, accX, -1.51, accY, -0.12, accZ, 1.21, Pitch, 55.77, Roll, -102.88, Yaw, 20.51
gyroX, -183.35, gyroY, -272.22, gyroZ, -24.78, accX, -0.17, accY, 0.08, accZ, 1.09, Pitch, 4.08, Roll, -56.98, Yaw, 146.92
gyroX, -343.02, gyroY, 75.26, gyroZ, -36.13, accX, -0.27, accY, -0.59, accZ, 1.76, Pitch, 11.12, Roll, -125.66, Yaw, 93.05
gyroX, -102.91, gyroY, -345.95, gyroZ, -201.84, accX, -0.39, accY, -0.95, accZ, 1.02, Pitch, 16.35, Roll, -128.05, Yaw, 155.33
gyroX, -87.77, gyroY, -224.18, gyroZ, -215.03, accX, -0.68, accY, -1.04, accZ, 0.94, Pitch, 11.47, Roll, -118.77, Yaw, -149.18
gyroX, -133.67, gyroY, 177.67, gyroZ, -110.41, accX, -0.61, accY, -1.37, accZ, 0.95, Pitch, -37.47, Roll, -137.13, Yaw, -159.83
gyroX, -146.18, gyroY, -148.25, gyroZ, 51.51, accX, -1.53, accY, -0.44, accZ, 1.07, Pitch, -22.52, Roll, 166.94, Yaw, -176.46
gyroX, -169.25, gyroY, 15.44, gyroZ, 425.29, accX, -0.80, accY, -1.09, accZ, 0.59, Pitch, -35.79, Roll, 174.08, Yaw, -53.81
gyroX, -333.62, gyroY, 58.59, gyroZ, 373.66, accX, -0.49, accY, -0.78, accZ, 0.98, Pitch, -62.15, Roll, 159.03, Yaw, 48.87
gyroX, -155.33, gyroY, -39.73, gyroZ, 295.29, accX, -0.58, accY, -0.34, accZ, 1.15, Pitch, 21.71, Roll, 177.93, Yaw, -160.20
gyroX, -92.53, gyroY, -33.08, gyroZ, 298.71, accX, -0.51, accY, -0.29, accZ, 0.94, Pitch, -11.19, Roll, 116.22, Yaw, 116.28
gyroX, -44.86, gyroY, 22.77, gyroZ, 297.24, accX, -0.30, accY, 0.16, accZ, 0.80, Pitch, -81.09, Roll, 149.02, Yaw, 46.70
gyroX, -94.12, gyroY, 71.04, gyroZ, 172.55, accX, -0.06, accY, 0.26, accZ, 0.25, Pitch, 8.53, Roll, -102.46, Yaw, -89.76
gyroX, -202.27, gyroY, 151.00, gyroZ, 38.09, accX, -0.10, accY, 0.22, accZ, 0.57, Pitch, -0.43, Roll, -170.36, Yaw, -136.40
gyroX, -117.37, gyroY, 93.87, gyroZ, -53.89, accX, -0.28, accY, 0.18, accZ, 0.75, Pitch, -19.07, Roll, 42.11, Yaw, -57.56
gyroX, -53.41, gyroY, 97.23, gyroZ, -106.57, accX, -0.23, accY, -0.14, accZ, 0.96, Pitch, 25.21, Roll, 8.12, Yaw, -72.95
gyroX, 93.57, gyroY, 8.48, gyroZ, -257.93, accX, -0.34, accY, -0.48, accZ, 0.72, Pitch, 23.23, Roll, -16.63, Yaw, -169.43
gyroX, 90.64, gyroY, 242.86, gyroZ, -384.34, accX, -0.78, accY, -1.05, accZ, 0.68, Pitch, 2.93, Roll, -44.25, Yaw, 21.01
gyroX, 208.62, gyroY, 179.20, gyroZ, -297.49, accX, -1.38, accY, -0.93, accZ, 0.56, Pitch, 48.83, Roll, -26.30, Yaw, -179.78
gyroX, 321.11, gyroY, 298.58, gyroZ, -30.76, accX, -1.10, accY, -1.32, accZ, -0.07, Pitch, 43.93, Roll, -89.38, Yaw, -92.42
gyroX, 296.20, gyroY, 287.41, gyroZ, 42.42, accX, -0.70, accY, -1.22, accZ, -0.28, Pitch, 38.85, Roll, -92.64, Yaw, 76.27
gyroX, 231.81, gyroY, 179.08, gyroZ, -99.55, accX, -0.87, accY, -1.63, accZ, -0.64, Pitch, 35.66, Roll, -66.06, Yaw, -93.35
gyroX, 174.80, gyroY, 96.92, gyroZ, -120.54, accX, -1.59, accY, -1.55, accZ, -0.67, Pitch, 26.12, Roll, -52.99, Yaw, -139.40
gyroX, 20.81, gyroY, 167.11, gyroZ, 129.03, accX, -1.67, accY, -1.00, accZ, -1.02, Pitch, 74.47, Roll, -117.82, Yaw, 139.28
gyroX, -351.50, gyroY, 227.91, gyroZ, 350.52, accX, -1.11, accY, -1.09, accZ, -0.79, Pitch, -14.30, Roll, 90.02, Yaw, 72.57
gyroX, -464.48, gyroY, 178.96, gyroZ, 413.39, accX, -0.81, accY, -0.97, accZ, -0.43, Pitch, 26.12, Roll, -80.73, Yaw, 157.84
gyroX, -616.64, gyroY, 295.17, gyroZ, 406.25, accX, -0.62, accY, -0.85, accZ, 0.20, Pitch, -23.28, Roll, 65.26, Yaw, 99.56
gyroX, -425.78, gyroY, -34.30, gyroZ, 407.04, accX, -0.60, accY, -0.31, accZ, 0.75, Pitch, 40.75, Roll, -85.88, Yaw, -177.76
gyroX, -114.38, gyroY, -140.81, gyroZ, 403.50, accX, -0.07, accY, 0.37, accZ, 0.15, Pitch, -17.78, Roll, 28.31, Yaw, 35.24
gyroX, -61.28, gyroY, 52.98, gyroZ, 214.84, accX, 0.07, accY, 0.77, accZ, -0.12, Pitch, 26.17, Roll, 3.48, Yaw, -163.79
gyroX, -36.50, gyroY, -66.77, gyroZ, 100.65, accX, 0.08, accY, 0.70, accZ, -0.21, Pitch, -9.70, Roll, 18.41, Yaw, -126.00
gyroX, -50.48, gyroY, -123.17, gyroZ, 13.37, accX, -0.16, accY, 0.85, accZ, -0.19, Pitch, -26.85, Roll, 20.62, Yaw, -129.47
gyroX, -46.08, gyroY, -157.90, gyroZ, -8.85, accX, -0.36, accY, 0.84, accZ, -0.19, Pitch, -45.14, Roll, 32.72, Yaw, -150.75
gyroX, -65.67, gyroY, -81.60, gyroZ, 23.44, accX, -0.50, accY, 0.83, accZ, -0.10, Pitch, -53.93, Roll, 44.39, Yaw, -173.18
gyroX, -71.72, gyroY, -52.98, gyroZ, 45.53, accX, -0.48, accY, 0.81, accZ, -0.04, Pitch, -58.16, Roll, 43.99, Yaw, -182.57
gyroX, -37.41, gyroY, -52.49, gyroZ, 77.82, accX, -0.33, accY, 0.91, accZ, -0.07, Pitch, -79.76, Roll, 41.57, Yaw, 162.92
gyroX, -57.62, gyroY, -19.96, gyroZ, 67.93, accX, -0.28, accY, 0.91, accZ, 0.03, Pitch, -75.31, Roll, 167.68, Yaw, 7.28
gyroX, -38.39, gyroY, -14.65, gyroZ, 67.02, accX, -0.18, accY, 0.94, accZ, 0.01, Pitch, -73.36, Roll, 168.07, Yaw, -6.79
gyroX, -27.22, gyroY, 0.55, gyroZ, 55.85, accX, -0.11, accY, 0.87, accZ, -0.01, Pitch, -73.73, Roll, 162.92, Yaw, -10.34
gyroX, -24.72, gyroY, 7.08, gyroZ, 42.42, accX, -0.04, accY, 0.94, accZ, 0.05, Pitch, -73.34, Roll, 118.23, Yaw, 14.80
gyroX, -9.46, gyroY, 44.74, gyroZ, 32.10, accX, 0.03, accY, 0.90, accZ, -0.03, Pitch, -70.52, Roll, 74.33, Yaw, 57.50
gyroX, -50.42, gyroY, 55.73, gyroZ, -12.15, accX, -0.08, accY, 0.89, accZ, -0.06, Pitch, -47.74, Roll, 49.26, Yaw, 77.99
gyroX, -49.26, gyroY, 90.76, gyroZ, -23.01, accX, -0.11, accY, 0.91, accZ, 0.08, Pitch, -19.63, Roll, 40.24, Yaw, 82.74
gyroX, -26.67, gyroY, 56.03, gyroZ, -47.36, accX, -0.15, accY, 0.85, accZ, 0.12, Pitch, 8.15, Roll, 42.38, Yaw, 84.35
gyroX, 0.55, gyroY, 13.49, gyroZ, -67.32, accX, -0.18, accY, 0.90, accZ, 0.12, Pitch, 23.95, Roll, 48.72, Yaw, 76.70
gyroX, 29.85, gyroY, 47.49, gyroZ, -49.38, accX, -0.22, accY, 0.85, accZ, 0.09, Pitch, 46.84, Roll, 73.06, Yaw, 78.35
gyroX, 71.72, gyroY, -4.27, gyroZ, -93.20, accX, -0.37, accY, 0.93, accZ, -0.02, Pitch, 60.66, Roll, 94.61, Yaw, 83.13
gyroX, 91.98, gyroY, 1.89, gyroZ, -108.09, accX, -0.48, accY, 0.80, accZ, -0.23, Pitch, 77.10, Roll, 146.39, Yaw, 111.64
gyroX, 49.13, gyroY, 44.92, gyroZ, -86.91, accX, -0.37, accY, 0.76, accZ, -0.29, Pitch, 64.25, Roll, -153.16, Yaw, 158.12
gyroX, 52.06, gyroY, 86.98, gyroZ, -95.52, accX, -0.15, accY, 0.82, accZ, -0.22, Pitch, 35.31, Roll, -153.51, Yaw, 155.71
gyroX, 103.76, gyroY, 34.79, gyroZ, -191.59, accX, -0.07, accY, 0.60, accZ, -0.32, Pitch, -36.31, Roll, -133.61, Yaw, -153.64
gyroX, 143.62, gyroY, -34.36, gyroZ, -318.54, accX, -0.24, accY, 0.23, accZ, -0.33, Pitch, -2.71, Roll, 162.11, Yaw, 29.31
gyroX, 185.30, gyroY, -164.92, gyroZ, -446.84, accX, -0.57, accY, -0.21, accZ, -0.43, Pitch, -0.03, Roll, -124.57, Yaw, 145.00
gyroX, 129.94, gyroY, -252.01, gyroZ, -502.93, accX, -0.94, accY, -0.50, accZ, -0.44, Pitch, -16.81, Roll, -177.73, Yaw, -3.42
gyroX, 69.27, gyroY, -258.54, gyroZ, -441.53, accX, -1.21, accY, -0.67, accZ, -0.40, Pitch, 5.64, Roll, -123.78, Yaw, 159.41
gyroX, -50.05, gyroY, -324.04, gyroZ, -334.05, accX, -1.43, accY, -0.90, accZ, -0.30, Pitch, 4.21, Roll, -148.51, Yaw, 10.75
gyroX, -159.18, gyroY, -429.20, gyroZ, -78.43, accX, -1.48, accY, -1.34, accZ, -0.36, Pitch, 12.20, Roll, -96.75, Yaw, -57.46
gyroX, -451.17, gyroY, -156.25, gyroZ, 178.16, accX, -1.37, accY, -1.48, accZ, 0.33, Pitch, 72.65, Roll, 9.56, Yaw, -92.95
gyroX, -396.55, gyroY, -162.96, gyroZ, 280.58, accX, -1.06, accY, -1.27, accZ, 0.65, Pitch, 35.51, Roll, -24.07, Yaw, 18.27
gyroX, -190.37, gyroY, -174.74, gyroZ, 249.57, accX, -0.88, accY, -0.80, accZ, 0.76, Pitch, 40.48, Roll, -22.59, Yaw, -54.99
gyroX, -123.72, gyroY, -160.03, gyroZ, 247.38, accX, -0.89, accY, -0.74, accZ, 0.74, Pitch, 25.66, Roll, -14.94, Yaw, 11.49
gyroX, -85.39, gyroY, -69.27, gyroZ, 251.89, accX, -0.87, accY, -0.57, accZ, 0.76, Pitch, 21.93, Roll, -15.92, Yaw, 66.55
gyroX, -31.31, gyroY, -27.28, gyroZ, 287.05, accX, -0.72, accY, -0.40, accZ, 0.72, Pitch, 28.51, Roll, 7.34, Yaw, 153.63
gyroX, -25.02, gyroY, 32.84, gyroZ, 276.98, accX, -0.57, accY, -0.27, accZ, 0.70, Pitch, 20.51, Roll, 22.18, Yaw, -148.69
gyroX, 10.74, gyroY, 20.39, gyroZ, 230.16, accX, -0.68, accY, -0.17, accZ, 0.76, Pitch, 11.70, Roll, 29.64, Yaw, -112.81
gyroX, 101.38, gyroY, -17.70, gyroZ, 221.92, accX, -0.67, accY, -0.09, accZ, 0.71, Pitch, -9.80, Roll, 43.88, Yaw, -81.00
gyroX, 130.80, gyroY, 52.43, gyroZ, 272.40, accX, -0.43, accY, 0.19, accZ, 0.44, Pitch, -50.61, Roll, 13.66, Yaw, 48.65
gyroX, 147.03, gyroY, 57.56, gyroZ, 283.33, accX, -0.15, accY, 0.44, accZ, 0.25, Pitch, -12.53, Roll, 28.15, Yaw, -161.03
gyroX, 57.62, gyroY, 205.81, gyroZ, 266.36, accX, 0.35, accY, 0.67, accZ, 0.27, Pitch, -13.36, Roll, 25.35, Yaw, 34.11
gyroX, 175.78, gyroY, 55.48, gyroZ, 105.16, accX, 0.53, accY, 0.87, accZ, 0.15, Pitch, -27.91, Roll, 70.52, Yaw, 90.14
gyroX, 212.77, gyroY, -1.77, gyroZ, -146.48, accX, 0.72, accY, 0.44, accZ, -0.14, Pitch, -19.35, Roll, 171.58, Yaw, 118.74
gyroX, 212.34, gyroY, -98.02, gyroZ, -405.88, accX, 0.31, accY, 0.14, accZ, -0.03, Pitch, -19.69, Roll, -167.60, Yaw, -103.02
gyroX, 290.28, gyroY, -333.13, gyroZ, -785.64, accX, -0.77, accY, -1.39, accZ, -0.01, Pitch, -13.70, Roll, -157.91, Yaw, -103.55
gyroX, 212.65, gyroY, -298.95, gyroZ, -866.70, accX, -1.73, accY, -2.04, accZ, 0.26, Pitch, -11.97, Roll, -163.06, Yaw, -133.05
gyroX, 194.15, gyroY, -340.76, gyroZ, -724.37, accX, -2.45, accY, -2.32, accZ, 0.44, Pitch, -15.78, Roll, -158.05, Yaw, -161.94
gyroX, 125.92, gyroY, 59.88, gyroZ, 26.18, accX, -2.26, accY, -1.68, accZ, 0.25, Pitch, -38.46, Roll, -114.82, Yaw, -62.13
gyroX, 63.66, gyroY, 87.89, gyroZ, 276.92, accX, -1.48, accY, -1.82, accZ, 0.12, Pitch, 58.03, Roll, -84.87, Yaw, -103.34
gyroX, -44.68, gyroY, 98.94, gyroZ, 413.94, accX, -1.14, accY, -1.39, accZ, 0.25, Pitch, -19.49, Roll, 98.86, Yaw, 85.37
gyroX, 36.13, gyroY, -56.03, gyroZ, 503.36, accX, -0.90, accY, -0.69, accZ, 0.07, Pitch, 18.47, Roll, -99.24, Yaw, -90.69
gyroX, -18.43, gyroY, 7.45, gyroZ, 615.17, accX, -0.40, accY, -0.59, accZ, -0.10, Pitch, -39.52, Roll, 98.10, Yaw, 86.35
gyroX, -272.89, gyroY, 262.27, gyroZ, 679.93, accX, 0.36, accY, -0.47, accZ, -0.05, Pitch, 51.80, Roll, -171.28, Yaw, 156.56
gyroX, -504.09, gyroY, 539.55, gyroZ, 511.47, accX, 0.50, accY, -0.22, accZ, 0.27, Pitch, 15.17, Roll, -71.92, Yaw, -129.87
gyroX, -625.00, gyroY, 515.93, gyroZ, 199.71, accX, 0.27, accY, -0.35, accZ, 0.88, Pitch, 16.93, Roll, -129.14, Yaw, -179.84
gyroX, -322.94, gyroY, 162.54, gyroZ, -64.94, accX, -0.09, accY, 0.14, accZ, 1.44, Pitch, -24.24, Roll, 54.44, Yaw, -152.17
gyroX, 47.97, gyroY, 125.00, gyroZ, -212.77, accX, -0.37, accY, 0.26, accZ, 1.43, Pitch, 42.96, Roll, 35.53, Yaw, -167.96
gyroX, 411.62, gyroY, 66.53, gyroZ, -371.95, accX, -0.37, accY, -0.09, accZ, 0.95, Pitch, 62.30, Roll, -42.74, Yaw, 19.80
gyroX, 668.40, gyroY, -101.56, gyroZ, -672.79, accX, -0.54, accY, -1.20, accZ, 0.23, Pitch, 36.27, Roll, 43.09, Yaw, -154.45
gyroX, 662.11, gyroY, -351.38, gyroZ, -1031.19, accX, -0.69, accY, -3.21, accZ, -0.14, Pitch, 5.80, Roll, 23.04, Yaw, -83.64
gyroX, 367.98, gyroY, -302.43, gyroZ, -1174.93, accX, -1.50, accY, -4.23, accZ, -0.05, Pitch, 3.26, Roll, 30.67, Yaw, -109.99
gyroX, 103.39, gyroY, 223.63, gyroZ, -782.84, accX, -2.10, accY, -2.59, accZ, 0.34, Pitch, -12.52, Roll, -20.40, Yaw, -45.45
gyroX, 97.23, gyroY, 336.61, gyroZ, -256.29, accX, -2.41, accY, -1.36, accZ, 0.34, Pitch, 31.15, Roll, -18.76, Yaw, -116.92
gyroX, 36.62, gyroY, 221.37, gyroZ, 256.59, accX, -1.79, accY, -1.28, accZ, 0.07, Pitch, 66.54, Roll, 47.07, Yaw, -42.95
gyroX, -89.23, gyroY, 216.86, gyroZ, 591.55, accX, -1.12, accY, -1.34, accZ, 0.07, Pitch, -9.30, Roll, 78.98, Yaw, 33.50
gyroX, -202.33, gyroY, 131.90, gyroZ, 727.84, accX, -0.58, accY, -1.33, accZ, 0.10, Pitch, -30.86, Roll, -43.04, Yaw, 161.24
gyroX, -276.37, gyroY, 212.83, gyroZ, 647.09, accX, -0.30, accY, -0.63, accZ, 0.18, Pitch, -35.28, Roll, 73.52, Yaw, 54.47
gyroX, -264.10, gyroY, 166.38, gyroZ, 533.02, accX, -0.10, accY, -0.08, accZ, 0.19, Pitch, 76.35, Roll, -96.27, Yaw, 162.45
gyroX, -266.78, gyroY, 189.39, gyroZ, 434.69, accX, 0.13, accY, 0.23, accZ, 0.13, Pitch, -26.40, Roll, 6.50, Yaw, 109.16
gyroX, -251.10, gyroY, 221.07, gyroZ, 254.21, accX, 0.07, accY, 0.50, accZ, 0.32, Pitch, 75.79, Roll, 131.42, Yaw, -10.07
gyroX, -135.80, gyroY, 257.02, gyroZ, 49.68, accX, 0.23, accY, 0.56, accZ, 0.24, Pitch, 10.16, Roll, 89.22, Yaw, 50.18
gyroX, 84.41, gyroY, 48.22, gyroZ, -293.76, accX, 0.08, accY, 0.38, accZ, 0.26, Pitch, 69.11, Roll, 131.57, Yaw, 114.10
gyroX, 255.86, gyroY, -76.29, gyroZ, -576.05, accX, -0.27, accY, -0.46, accZ, 0.10, Pitch, -35.11, Roll, -40.06, Yaw, -149.09
gyroX, 326.54, gyroY, -373.05, gyroZ, -938.78, accX, -0.70, accY, -2.63, accZ, -0.05, Pitch, -20.37, Roll, 93.89, Yaw, 89.17
gyroX, 30.88, gyroY, -302.92, gyroZ, -915.34, accX, -1.61, accY, -3.21, accZ, 0.36, Pitch, 64.12, Roll, -58.36, Yaw, -95.38
gyroX, -41.87, gyroY, -2.50, gyroZ, -582.95, accX, -2.08, accY, -2.04, accZ, 0.75, Pitch, -39.67, Roll, -68.89, Yaw, -121.93
gyroX, 92.90, gyroY, -61.95, gyroZ, 182.68, accX, -1.99, accY, -1.40, accZ, 0.62, Pitch, -37.32, Roll, -54.72, Yaw, -113.84
gyroX, 100.46, gyroY, -91.61, gyroZ, 637.57, accX, -0.97, accY, -1.77, accZ, 0.30, Pitch, 23.82, Roll, 31.53, Yaw, 46.13
gyroX, 11.41, gyroY, 6.10, gyroZ, 780.15, accX, -0.21, accY, -1.65, accZ, 0.06, Pitch, 16.40, Roll, -40.89, Yaw, -86.96
gyroX, -190.86, gyroY, 112.92, gyroZ, 685.91, accX, 0.13, accY, -1.02, accZ, 0.08, Pitch, -20.78, Roll, -17.80, Yaw, -145.18
gyroX, -364.26, gyroY, 211.00, gyroZ, 543.95, accX, 0.29, accY, -0.69, accZ, 0.21, Pitch, -0.47, Roll, 64.59, Yaw, 144.12
gyroX, -512.08, gyroY, 369.75, gyroZ, 274.41, accX, 0.17, accY, -0.54, accZ, 0.44, Pitch, 60.54, Roll, -97.08, Yaw, -161.74
gyroX, -434.57, gyroY, 266.85, gyroZ, 45.04, accX, -0.22, accY, -0.06, accZ, 0.77, Pitch, 14.03, Roll, 112.02, Yaw, -185.27
gyroX, 203.06, gyroY, 375.85, gyroZ, -103.94, accX, -0.24, accY, -0.33, accZ, 1.11, Pitch, 33.62, Roll, 89.28, Yaw, 53.50
gyroX, 418.09, gyroY, 71.04, gyroZ, -262.94, accX, -0.36, accY, -0.56, accZ, 0.21, Pitch, 6.34, Roll, -100.06, Yaw, 150.01
gyroX, 585.14, gyroY, 72.57, gyroZ, -589.78, accX, -0.62, accY, -1.70, accZ, -0.07, Pitch, 47.55, Roll, 106.36, Yaw, 62.03
gyroX, 650.76, gyroY, -180.18, gyroZ, -899.11, accX, -0.94, accY, -3.74, accZ, -0.14, Pitch, 10.08, Roll, -61.90, Yaw, -183.03
gyroX, 378.91, gyroY, 332.70, gyroZ, -645.26, accX, -1.70, accY, -2.48, accZ, -0.10, Pitch, -19.63, Roll, -56.91, Yaw, 153.01
gyroX, 373.60, gyroY, -24.60, gyroZ, -60.67, accX, -2.04, accY, -1.41, accZ, -0.58, Pitch, 70.28, Roll, -42.37, Yaw, -111.02
gyroX, -64.45, gyroY, 293.70, gyroZ, 496.46, accX, -0.79, accY, -0.82, accZ, -0.26, Pitch, -41.93, Roll, -102.29, Yaw, -128.20
gyroX, -186.71, gyroY, 41.32, gyroZ, 506.84, accX, -0.41, accY, -0.80, accZ, -0.20, Pitch, 50.10, Roll, -176.32, Yaw, 133.66
gyroX, -261.60, gyroY, 43.58, gyroZ, 409.61, accX, -0.04, accY, -0.42, accZ, -0.15, Pitch, -36.04, Roll, -91.62, Yaw, -160.90
gyroX, -301.82, gyroY, 61.58, gyroZ, 333.01, accX, 0.03, accY, -0.07, accZ, -0.14, Pitch, 7.35, Roll, -140.68, Yaw, 169.76
gyroX, -390.20, gyroY, 71.23, gyroZ, 154.97, accX, 0.12, accY, -0.37, accZ, -0.09, Pitch, -23.43, Roll, 127.62, Yaw, 120.74
gyroX, -408.81, gyroY, 39.43, gyroZ, -10.44, accX, 0.09, accY, -0.42, accZ, 0.05, Pitch, -33.30, Roll, 60.22, Yaw, 127.94
gyroX, -382.69, gyroY, -143.74, gyroZ, -216.92, accX, 0.06, accY, -0.91, accZ, 0.11, Pitch, -31.90, Roll, 11.16, Yaw, 95.11
gyroX, -374.51, gyroY, -191.53, gyroZ, -426.27, accX, 0.01, accY, -1.50, accZ, 0.13, Pitch, -63.78, Roll, 18.03, Yaw, -20.70
gyroX, -389.59, gyroY, -554.81, gyroZ, -672.79, accX, -0.22, accY, -2.83, accZ, 0.21, Pitch, -17.71, Roll, 3.94, Yaw, 64.22
gyroX, -446.35, gyroY, -198.30, gyroZ, -389.59, accX, -0.84, accY, -2.27, accZ, 0.62, Pitch, -28.70, Roll, -17.46, Yaw, 72.59
gyroX, -131.29, gyroY, -224.98, gyroZ, 116.09, accX, -0.90, accY, -1.84, accZ, 0.67, Pitch, 31.70, Roll, 124.87, Yaw, 112.46
gyroX, 172.91, gyroY, -216.61, gyroZ, 424.62, accX, -0.37, accY, -1.58, accZ, 0.42, Pitch, -15.34, Roll, 149.12, Yaw, 3.73
gyroX, 339.29, gyroY, -207.95, gyroZ, 443.48, accX, -0.06, accY, -1.45, accZ, 0.16, Pitch, 72.88, Roll, -122.74, Yaw, -89.27
gyroX, 360.72, gyroY, -113.53, gyroZ, 385.50, accX, 0.09, accY, -1.12, accZ, -0.02, Pitch, 9.15, Roll, 121.56, Yaw, 35.06
gyroX, 240.11, gyroY, 41.56, gyroZ, 344.36, accX, 0.12, accY, -0.47, accZ, -0.08, Pitch, 3.64, Roll, -122.14, Yaw, -65.56
gyroX, -91.92, gyroY, 505.31, gyroZ, 129.39, accX, 1.28, accY, 0.24, accZ, 0.46, Pitch, -17.46, Roll, -41.06, Yaw, -125.73
gyroX, 21.91, gyroY, 270.75, gyroZ, -259.16, accX, -0.30, accY, 0.12, accZ, 0.12, Pitch, 20.38, Roll, -45.99, Yaw, 112.03
gyroX, 233.46, gyroY, -6.77, gyroZ, -697.14, accX, -0.09, accY, -1.76, accZ, 0.02, Pitch, 30.30, Roll, 4.48, Yaw, -185.31
gyroX, 218.26, gyroY, -103.70, gyroZ, -1008.85, accX, -0.35, accY, -3.34, accZ, -0.14, Pitch, 8.10, Roll, 25.44, Yaw, -89.52
gyroX, 88.26, gyroY, 249.33, gyroZ, -815.67, accX, -0.99, accY, -3.13, accZ, 0.06, Pitch, -14.26, Roll, -12.66, Yaw, -21.51
gyroX, 155.52, gyroY, 227.23, gyroZ, -326.66, accX, -1.33, accY, -2.30, accZ, 0.03, Pitch, 40.32, Roll, -34.70, Yaw, 160.25
gyroX, 138.37, gyroY, 215.76, gyroZ, 221.98, accX, -1.36, accY, -1.49, accZ, -0.02, Pitch, 66.48, Roll, -165.71, Yaw, -30.88
gyroX, 12.08, gyroY, 75.07, gyroZ, 654.48, accX, -0.40, accY, -1.76, accZ, -0.06, Pitch, -4.29, Roll, -130.12, Yaw, 67.21
gyroX, -124.02, gyroY, -21.06, gyroZ, 652.34, accX, -0.03, accY, -1.23, accZ, -0.00, Pitch, -26.96, Roll, -128.05, Yaw, 72.86
gyroX, -211.30, gyroY, -84.29, gyroZ, 643.92, accX, 0.07, accY, -1.02, accZ, -0.03, Pitch, -31.57, Roll, 107.08, Yaw, -108.33
gyroX, -315.19, gyroY, -49.38, gyroZ, 612.24, accX, 0.33, accY, -0.69, accZ, 0.03, Pitch, 13.73, Roll, -143.20, Yaw, 17.99
gyroX, -527.16, gyroY, 261.05, gyroZ, 480.96, accX, 0.34, accY, -0.57, accZ, 0.07, Pitch, -43.07, Roll, -73.56, Yaw, 51.84
gyroX, -364.75, gyroY, 444.70, gyroZ, -76.11, accX, -0.43, accY, 0.03, accZ, 1.88, Pitch, -59.34, Roll, -101.62, Yaw, 157.92
gyroX, 513.12, gyroY, -409.42, gyroZ, -180.60, accX, 0.19, accY, -0.95, accZ, 0.24, Pitch, 38.74, Roll, -131.37, Yaw, 105.90
gyroX, 680.79, gyroY, -407.04, gyroZ, -934.69, accX, -0.17, accY, -3.34, accZ, 0.10, Pitch, -30.38, Roll, -55.52, Yaw, 149.74
gyroX, 205.02, gyroY, 396.79, gyroZ, -913.15, accX, -0.91, accY, -3.56, accZ, 0.08, Pitch, -33.42, Roll, 63.26, Yaw, 2.62
gyroX, 279.36, gyroY, 253.60, gyroZ, -643.25, accX, -1.31, accY, -2.62, accZ, 0.08, Pitch, 48.54, Roll, -144.74, Yaw, 118.37
gyroX, 250.61, gyroY, 450.26, gyroZ, -47.12, accX, -1.83, accY, -1.00, accZ, 0.10, Pitch, -11.64, Roll, -73.38, Yaw, 45.86
gyroX, 162.60, gyroY, 303.89, gyroZ, 477.48, accX, -1.10, accY, -0.75, accZ, 0.03, Pitch, 23.36, Roll, 135.97, Yaw, -181.96
gyroX, 80.26, gyroY, 69.15, gyroZ, 604.25, accX, -0.47, accY, -0.81, accZ, -0.13, Pitch, -32.54, Roll, 170.16, Yaw, 101.65
gyroX, -41.81, gyroY, 76.84, gyroZ, 626.65, accX, -0.22, accY, -0.61, accZ, -0.08, Pitch, -4.19, Roll, -141.15, Yaw, -7.06
gyroX, -166.75, gyroY, -10.93, gyroZ, 564.15, accX, 0.03, accY, -0.28, accZ, -0.08, Pitch, 17.75, Roll, 144.08, Yaw, -139.58
gyroX, -384.58, gyroY, 146.48, gyroZ, 377.32, accX, 0.31, accY, -0.31, accZ, -0.10, Pitch, -8.36, Roll, -170.38, Yaw, -97.97
gyroX, -520.32, gyroY, 251.95, gyroZ, 78.12, accX, 0.36, accY, -0.57, accZ, -0.00, Pitch, -49.92, Roll, -25.74, Yaw, -41.73
gyroX, -408.20, gyroY, -61.77, gyroZ, -598.14, accX, 0.11, accY, -1.83, accZ, 0.19, Pitch, -27.87, Roll, -1.72, Yaw, -108.54
gyroX, -347.90, gyroY, 37.35, gyroZ, -839.11, accX, -0.38, accY, -3.49, accZ, 0.36, Pitch, -38.38, Roll, 11.75, Yaw, 131.57
gyroX, -101.81, gyroY, 174.68, gyroZ, -667.85, accX, -0.94, accY, -2.75, accZ, 0.49, Pitch, -27.14, Roll, -35.45, Yaw, -119.92
gyroX, 179.99, gyroY, 213.93, gyroZ, -199.52, accX, -1.39, accY, -1.30, accZ, 0.53, Pitch, 51.39, Roll, 9.86, Yaw, 101.72
gyroX, 332.34, gyroY, 50.05, gyroZ, 301.21, accX, -0.78, accY, -1.31, accZ, 0.17, Pitch, 9.40, Roll, 156.18, Yaw, 125.61
gyroX, 311.04, gyroY, -85.45, gyroZ, 477.72, accX, -0.16, accY, -1.81, accZ, -0.08, Pitch, 41.73, Roll, 118.56, Yaw, -171.12
gyroX, 174.19, gyroY, -38.57, gyroZ, 586.67, accX, -0.03, accY, -0.92, accZ, -0.06, Pitch, 64.71, Roll, 176.93, Yaw, -77.58
gyroX, 21.48, gyroY, -25.82, gyroZ, 596.31, accX, 0.23, accY, -0.86, accZ, -0.06, Pitch, -36.30, Roll, -150.38, Yaw, 57.23
gyroX, -221.56, gyroY, 142.27, gyroZ, 456.42, accX, 0.41, accY, -0.43, accZ, 0.01, Pitch, -58.00, Roll, -132.23, Yaw, 58.41
