gyroX, 94.97, gyroY, -949.71, gyroZ, -456.12, accX, 1.54, accY, -0.95, accZ, -0.25, Pitch, -6.93, Roll, -122.43, Yaw, -171.25
gyroX, 161.13, gyroY, -420.65, gyroZ, -327.82, accX, 0.51, accY, -1.19, accZ, -0.01, Pitch, -25.35, Roll, -125.40, Yaw, 0.06
gyroX, 119.75, gyroY, -624.08, gyroZ, -372.19, accX, -1.06, accY, -2.42, accZ, 0.46, Pitch, -9.04, Roll, -125.92, Yaw, -1.14
gyroX, -144.59, gyroY, 257.08, gyroZ, -36.74, accX, -0.41, accY, -0.56, accZ, 0.01, Pitch, 2.94, Roll, -161.76, Yaw, 64.60
gyroX, -8.30, gyroY, 855.29, gyroZ, -70.01, accX, 0.11, accY, -0.67, accZ, -1.07, Pitch, -54.50, Roll, -137.20, Yaw, 37.05
gyroX, 0.55, gyroY, 178.47, gyroZ, -127.08, accX, 0.18, accY, -0.77, accZ, -0.76, Pitch, -9.30, Roll, -3.94, Yaw, -130.36
gyroX, -26.86, gyroY, -166.93, gyroZ, -132.45, accX, 0.47, accY, -0.72, accZ, -0.23, Pitch, -65.67, Roll, 31.33, Yaw, 158.59
gyroX, -1.59, gyroY, -66.04, gyroZ, -90.33, accX, 0.20, accY, -0.69, accZ, -0.00, Pitch, -63.32, Roll, 97.56, Yaw, 80.31
gyroX, 20.63, gyroY, -31.31, gyroZ, -93.26, accX, 0.16, accY, -0.87, accZ, -0.07, Pitch, -14.19, Roll, 147.35, Yaw, 47.83
gyroX, 66.35, gyroY, 258.12, gyroZ, -34.67, accX, 0.28, accY, -0.65, accZ, -0.28, Pitch, -59.05, Roll, -15.60, Yaw, -75.47
gyroX, 148.93, gyroY, 437.99, gyroZ, 252.81, accX, 1.20, accY, -0.40, accZ, -0.70, Pitch, 42.97, Roll, -35.02, Yaw, -89.58
gyroX, -18.92, gyroY, 216.92, gyroZ, 323.18, accX, 0.77, accY, -1.24, accZ, 0.40, Pitch, -79.95, Roll, 174.86, Yaw, 2.61
gyroX, -101.81, gyroY, 384.77, gyroZ, 53.89, accX, 0.53, accY, -0.99, accZ, 0.64, Pitch, 38.93, Roll, -91.85, Yaw, 111.21
gyroX, -98.14, gyroY, 154.48, gyroZ, 13.49, accX, 0.03, accY, -1.12, accZ, 0.55, Pitch, -39.54, Roll, -78.76, Yaw, -99.76
gyroX, -114.87, gyroY, 66.59, gyroZ, -10.38, accX, 0.14, accY, -0.93, accZ, 0.05, Pitch, -38.70, Roll, -120.80, Yaw, -121.99
gyroX, -260.56, gyroY, 352.36, gyroZ, 45.96, accX, -0.05, accY, -1.12, accZ, -0.45, Pitch, -58.54, Roll, -94.40, Yaw, 85.82
gyroX, -179.87, gyroY, 615.84, gyroZ, -23.86, accX, 0.36, accY, -1.30, accZ, 0.06, Pitch, -16.63, Roll, -99.27, Yaw, -182.50
gyroX, -212.22, gyroY, 417.72, gyroZ, -140.62, accX, -0.15, accY, -1.12, accZ, 0.13, Pitch, -21.58, Roll, -82.74, Yaw, -128.65
gyroX, -158.87, gyroY, 324.10, gyroZ, -359.50, accX, 0.77, accY, -1.22, accZ, -0.35, Pitch, -38.37, Roll, -6.61, Yaw, 11.97
gyroX, -360.23, gyroY, 1466.19, gyroZ, -281.62, accX, -0.36, accY, -1.51, accZ, -1.10, Pitch, 15.43, Roll, -113.38, Yaw, -129.51
gyroX, -249.39, gyroY, 1582.89, gyroZ, -224.00, accX, 0.00, accY, -1.18, accZ, -0.18, Pitch, -35.77, Roll, -115.18, Yaw, 163.23
gyroX, -186.89, gyroY, -125.31, gyroZ, -288.33, accX, 0.07, accY, -1.23, accZ, 0.35, Pitch, -57.16, Roll, -21.44, Yaw, -120.52
gyroX, -119.75, gyroY, 22.83, gyroZ, -277.10, accX, 0.09, accY, -1.18, accZ, 0.94, Pitch, -5.85, Roll, 1.21, Yaw, 31.85
gyroX, 3.97, gyroY, -7.20, gyroZ, -212.40, accX, 0.23, accY, -0.66, accZ, 0.10, Pitch, -29.87, Roll, -11.31, Yaw, -87.43
gyroX, 7.02, gyroY, -36.19, gyroZ, -144.10, accX, 0.30, accY, -0.82, accZ, 0.23, Pitch, -35.45, Roll, 39.58, Yaw, -171.63
gyroX, 1.95, gyroY, 73.49, gyroZ, -70.98, accX, 0.33, accY, -0.81, accZ, 0.57, Pitch, -8.87, Roll, 25.40, Yaw, 162.07
gyroX, 38.09, gyroY, 61.58, gyroZ, 29.97, accX, 0.23, accY, -0.47, accZ, 0.72, Pitch, 7.71, Roll, 22.20, Yaw, -185.49
gyroX, 39.37, gyroY, -45.29, gyroZ, 95.15, accX, 0.58, accY, -0.61, accZ, 0.21, Pitch, -48.07, Roll, 8.34, Yaw, -136.04
gyroX, 14.28, gyroY, -157.04, gyroZ, 103.94, accX, 1.04, accY, -0.55, accZ, 0.35, Pitch, -49.11, Roll, -101.47, Yaw, -2.54
gyroX, 51.82, gyroY, -108.83, gyroZ, 39.98, accX, 0.67, accY, -0.65, accZ, 0.58, Pitch, -22.00, Roll, -88.54, Yaw, 37.42
gyroX, 108.22, gyroY, -256.77, gyroZ, 16.78, accX, 0.48, accY, -0.68, accZ, 0.59, Pitch, -37.90, Roll, -83.68, Yaw, 157.37
gyroX, 333.13, gyroY, -980.96, gyroZ, -11.05, accX, 0.30, accY, -1.14, accZ, 1.18, Pitch, -24.48, Roll, -96.65, Yaw, -117.22
gyroX, 423.52, gyroY, -1477.17, gyroZ, -217.47, accX, 0.46, accY, -1.04, accZ, 0.21, Pitch, -19.21, Roll, -94.73, Yaw, 107.15
gyroX, 314.58, gyroY, -1170.78, gyroZ, -446.66, accX, 0.78, accY, -1.33, accZ, 0.45, Pitch, -22.62, Roll, -115.48, Yaw, -147.56
gyroX, 167.79, gyroY, -646.18, gyroZ, -483.70, accX, 0.56, accY, -1.32, accZ, 0.51, Pitch, -16.48, Roll, -124.40, Yaw, 140.36
gyroX, 76.78, gyroY, -524.35, gyroZ, -442.57, accX, 0.48, accY, -1.68, accZ, 0.70, Pitch, -6.63, Roll, -129.73, Yaw, 4.41
gyroX, 148.44, gyroY, -787.54, gyroZ, -408.51, accX, -0.95, accY, -3.22, accZ, -0.20, Pitch, -2.03, Roll, -120.14, Yaw, -5.52
gyroX, -257.63, gyroY, -191.53, gyroZ, 86.91, accX, -0.74, accY, -1.10, accZ, -1.02, Pitch, 79.70, Roll, 168.55, Yaw, 63.58
gyroX, 183.78, gyroY, 19.41, gyroZ, -378.30, accX, -0.13, accY, -1.16, accZ, -0.22, Pitch, -46.79, Roll, 99.85, Yaw, -114.68
gyroX, 51.57, gyroY, 89.84, gyroZ, -158.69, accX, 1.48, accY, -1.18, accZ, 0.64, Pitch, 19.36, Roll, 178.43, Yaw, -125.68
gyroX, 50.11, gyroY, -28.14, gyroZ, -184.57, accX, -0.12, accY, -1.33, accZ, -0.11, Pitch, -43.26, Roll, -137.77, Yaw, -24.28
gyroX, 110.60, gyroY, 85.94, gyroZ, -227.05, accX, 0.18, accY, -1.30, accZ, -0.77, Pitch, 20.86, Roll, -143.27, Yaw, -43.92
gyroX, 161.99, gyroY, 193.12, gyroZ, -252.01, accX, 0.07, accY, -1.03, accZ, -0.75, Pitch, -64.70, Roll, 2.29, Yaw, -123.10
gyroX, 71.66, gyroY, 132.81, gyroZ, -230.35, accX, 0.27, accY, -0.90, accZ, -0.62, Pitch, 51.15, Roll, 78.53, Yaw, -145.01
gyroX, 24.54, gyroY, 165.89, gyroZ, -211.18, accX, 0.18, accY, -0.45, accZ, -0.35, Pitch, -18.08, Roll, -127.08, Yaw, -0.69
gyroX, -99.55, gyroY, 128.11, gyroZ, -133.06, accX, 0.39, accY, -0.21, accZ, 0.02, Pitch, 2.87, Roll, -35.73, Yaw, 95.53
gyroX, -157.71, gyroY, 60.73, gyroZ, 3.91, accX, 0.58, accY, -0.08, accZ, 0.18, Pitch, -19.13, Roll, -88.22, Yaw, 47.19
gyroX, -268.31, gyroY, 33.39, gyroZ, 96.68, accX, 0.63, accY, -0.25, accZ, 0.28, Pitch, -36.22, Roll, 166.66, Yaw, -3.42
gyroX, -354.25, gyroY, 209.78, gyroZ, 200.38, accX, 0.58, accY, -0.43, accZ, 0.38, Pitch, -35.65, Roll, -79.44, Yaw, 89.61
gyroX, -408.51, gyroY, 457.52, gyroZ, 270.20, accX, 0.44, accY, -0.78, accZ, 0.37, Pitch, -53.75, Roll, -101.92, Yaw, -185.12
gyroX, -332.40, gyroY, 546.08, gyroZ, 94.06, accX, 0.05, accY, -1.56, accZ, 0.38, Pitch, -52.93, Roll, -94.02, Yaw, -174.39
gyroX, -210.45, gyroY, 455.38, gyroZ, -15.20, accX, 0.13, accY, -1.23, accZ, 0.35, Pitch, -12.43, Roll, -67.68, Yaw, 59.88
gyroX, -135.74, gyroY, 510.99, gyroZ, -159.91, accX, 0.47, accY, -1.10, accZ, 0.68, Pitch, -24.56, Roll, -85.54, Yaw, -87.50
gyroX, -118.53, gyroY, 19.65, gyroZ, -149.90, accX, 0.40, accY, -1.23, accZ, 0.71, Pitch, -11.54, Roll, -35.67, Yaw, 121.02
gyroX, -99.55, gyroY, -135.38, gyroZ, -200.68, accX, 1.02, accY, -0.82, accZ, 1.47, Pitch, -59.56, Roll, -174.05, Yaw, -144.11
gyroX, -377.14, gyroY, -303.89, gyroZ, -154.60, accX, 0.89, accY, -1.01, accZ, 0.12, Pitch, -11.68, Roll, 39.85, Yaw, -135.11
gyroX, -164.18, gyroY, -1768.86, gyroZ, -315.67, accX, 0.52, accY, -1.89, accZ, -0.18, Pitch, 50.27, Roll, 36.50, Yaw, -107.10
gyroX, -588.93, gyroY, 1984.31, gyroZ, 801.88, accX, -0.54, accY, -1.89, accZ, 1.03, Pitch, -30.20, Roll, -111.05, Yaw, -84.21
gyroX, -455.57, gyroY, 566.04, gyroZ, 80.20, accX, 0.11, accY, -1.60, accZ, 0.26, Pitch, -39.88, Roll, -104.84, Yaw, -118.88
gyroX, -546.14, gyroY, 356.32, gyroZ, 397.89, accX, 0.83, accY, -1.90, accZ, 0.56, Pitch, -46.57, Roll, -120.93, Yaw, -86.15
gyroX, -231.93, gyroY, 421.57, gyroZ, 236.94, accX, 1.25, accY, -1.46, accZ, 1.05, Pitch, -14.48, Roll, -120.78, Yaw, 63.58
gyroX, -469.73, gyroY, 284.06, gyroZ, -5.86, accX, 0.88, accY, -0.82, accZ, 1.15, Pitch, -50.50, Roll, -40.43, Yaw, 140.58
gyroX, -333.19, gyroY, 130.37, gyroZ, -48.89, accX, 1.08, accY, -0.82, accZ, 0.18, Pitch, -67.38, Roll, -138.62, Yaw, 78.22
gyroX, -325.07, gyroY, -4.88, gyroZ, -110.35, accX, 0.29, accY, -0.76, accZ, -0.08, Pitch, -66.89, Roll, 114.72, Yaw, 102.93
gyroX, -452.82, gyroY, 179.14, gyroZ, -146.24, accX, 0.25, accY, -0.60, accZ, -0.04, Pitch, -26.01, Roll, -80.95, Yaw, 86.91
gyroX, -418.15, gyroY, 143.13, gyroZ, -110.29, accX, 0.42, accY, -0.67, accZ, 0.28, Pitch, -61.40, Roll, 41.97, Yaw, 143.92
gyroX, 4.46, gyroY, 0.85, gyroZ, -126.71, accX, 0.66, accY, -0.23, accZ, 0.18, Pitch, -41.82, Roll, 24.80, Yaw, 104.08
gyroX, 19.35, gyroY, -32.90, gyroZ, -139.22, accX, 0.68, accY, -0.23, accZ, -0.06, Pitch, -32.21, Roll, 52.80, Yaw, 60.24
gyroX, 232.73, gyroY, -304.63, gyroZ, -164.98, accX, 0.59, accY, -0.05, accZ, -0.01, Pitch, 42.33, Roll, 156.57, Yaw, -15.90
gyroX, 276.00, gyroY, -409.36, gyroZ, -135.19, accX, 0.92, accY, 0.01, accZ, -0.46, Pitch, -28.38, Roll, 29.13, Yaw, 82.65
gyroX, 425.72, gyroY, -285.46, gyroZ, -219.97, accX, 0.12, accY, -0.28, accZ, -0.72, Pitch, -5.65, Roll, 171.46, Yaw, 5.20
gyroX, 381.96, gyroY, -577.70, gyroZ, -327.45, accX, 0.09, accY, -1.01, accZ, -0.92, Pitch, 13.54, Roll, -134.68, Yaw, 21.84
gyroX, 412.66, gyroY, -827.94, gyroZ, -298.03, accX, 0.16, accY, -0.67, accZ, -0.69, Pitch, 0.57, Roll, -92.86, Yaw, 77.70
gyroX, 327.94, gyroY, -758.42, gyroZ, -312.26, accX, 0.43, accY, -1.00, accZ, -0.38, Pitch, -26.89, Roll, -91.09, Yaw, 136.92
gyroX, 129.27, gyroY, -456.18, gyroZ, -162.17, accX, 0.37, accY, -0.82, accZ, -0.25, Pitch, 0.03, Roll, -111.81, Yaw, 39.08
gyroX, 92.83, gyroY, -53.47, gyroZ, -54.14, accX, 0.90, accY, -1.67, accZ, 0.61, Pitch, -10.63, Roll, -78.38, Yaw, 113.52
gyroX, -265.20, gyroY, -417.66, gyroZ, -32.41, accX, -0.09, accY, -0.98, accZ, 0.16, Pitch, 7.19, Roll, -137.28, Yaw, -147.47
gyroX, -290.65, gyroY, -675.42, gyroZ, -157.78, accX, 0.47, accY, -1.69, accZ, 0.57, Pitch, -2.77, Roll, -75.74, Yaw, 103.21
gyroX, -630.00, gyroY, -269.29, gyroZ, 11.54, accX, -0.08, accY, -2.04, accZ, 0.07, Pitch, 66.06, Roll, 134.51, Yaw, -177.81
gyroX, -539.49, gyroY, -226.26, gyroZ, -4.82, accX, -0.14, accY, -2.08, accZ, 0.40, Pitch, 44.16, Roll, -130.71, Yaw, -171.89
gyroX, 207.21, gyroY, -210.63, gyroZ, -303.22, accX, 0.18, accY, -0.73, accZ, 0.72, Pitch, -64.84, Roll, -41.59, Yaw, -90.32
gyroX, -109.68, gyroY, 915.77, gyroZ, -134.95, accX, 0.25, accY, -0.94, accZ, -0.42, Pitch, -27.65, Roll, -166.59, Yaw, 28.32
gyroX, 138.43, gyroY, -245.67, gyroZ, -171.14, accX, -0.50, accY, -1.46, accZ, -0.56, Pitch, -11.01, Roll, -128.50, Yaw, 47.16
gyroX, 60.49, gyroY, -93.32, gyroZ, -185.49, accX, -0.17, accY, -1.24, accZ, -0.60, Pitch, -25.28, Roll, -107.38, Yaw, -175.77
gyroX, 59.69, gyroY, 139.22, gyroZ, -179.08, accX, -0.01, accY, -1.17, accZ, -0.61, Pitch, -47.67, Roll, 3.40, Yaw, 75.68
gyroX, 7.69, gyroY, 54.26, gyroZ, -166.87, accX, -0.00, accY, -0.92, accZ, -0.39, Pitch, -30.85, Roll, 62.21, Yaw, 11.29
gyroX, 37.78, gyroY, 156.07, gyroZ, -126.46, accX, -0.06, accY, -0.76, accZ, -0.59, Pitch, 54.31, Roll, 117.39, Yaw, 85.68
gyroX, -210.63, gyroY, 332.89, gyroZ, 41.20, accX, 0.45, accY, -1.13, accZ, 0.57, Pitch, -29.69, Roll, -92.82, Yaw, 142.67
gyroX, -201.42, gyroY, 372.80, gyroZ, -12.57, accX, 0.46, accY, -1.15, accZ, 0.37, Pitch, -29.41, Roll, -89.87, Yaw, -71.73
gyroX, -169.86, gyroY, 251.65, gyroZ, -107.48, accX, 0.87, accY, -1.06, accZ, 0.27, Pitch, -43.63, Roll, -70.33, Yaw, 138.04
gyroX, -132.08, gyroY, -249.69, gyroZ, -254.33, accX, 0.79, accY, -0.91, accZ, -0.16, Pitch, -53.20, Roll, 104.55, Yaw, -125.89
gyroX, -155.40, gyroY, 119.63, gyroZ, -101.20, accX, 0.04, accY, -1.01, accZ, -0.23, Pitch, -8.30, Roll, 50.59, Yaw, -107.07
gyroX, -286.87, gyroY, 138.55, gyroZ, -248.90, accX, 0.11, accY, -1.22, accZ, -0.31, Pitch, -32.58, Roll, -165.79, Yaw, -172.14
gyroX, -335.33, gyroY, 13.31, gyroZ, -141.97, accX, 0.24, accY, -1.76, accZ, 0.16, Pitch, 13.67, Roll, -27.65, Yaw, 115.25
gyroX, -653.26, gyroY, 1565.86, gyroZ, -56.95, accX, -1.27, accY, -2.64, accZ, -0.19, Pitch, 27.38, Roll, -114.86, Yaw, 34.41
gyroX, -469.79, gyroY, 1296.02, gyroZ, -10.13, accX, 0.23, accY, -1.28, accZ, -0.55, Pitch, -41.64, Roll, -50.28, Yaw, -184.56
gyroX, -507.14, gyroY, 655.33, gyroZ, -130.49, accX, -0.25, accY, -1.93, accZ, 1.15, Pitch, -40.04, Roll, -117.01, Yaw, 1.17
gyroX, -94.36, gyroY, -125.61, gyroZ, -232.48, accX, 0.20, accY, -1.46, accZ, 0.91, Pitch, 5.30, Roll, 141.62, Yaw, 104.64
gyroX, -181.03, gyroY, 58.29, gyroZ, -223.69, accX, 0.27, accY, -1.39, accZ, 0.26, Pitch, 64.17, Roll, -164.37, Yaw, -104.37
gyroX, -200.32, gyroY, 60.36, gyroZ, -228.70, accX, 0.32, accY, -1.26, accZ, 0.24, Pitch, -7.41, Roll, -173.18, Yaw, 9.76
gyroX, -214.11, gyroY, 15.38, gyroZ, -244.45, accX, 0.01, accY, -1.03, accZ, 0.54, Pitch, 35.60, Roll, 93.81, Yaw, 90.20
gyroX, -211.61, gyroY, -122.31, gyroZ, -244.26, accX, 0.30, accY, -0.88, accZ, 0.61, Pitch, -10.67, Roll, -87.43, Yaw, 4.84
gyroX, -75.32, gyroY, -344.12, gyroZ, -174.13, accX, 0.36, accY, -0.81, accZ, 0.75, Pitch, -17.06, Roll, -145.68, Yaw, 112.01
gyroX, 51.88, gyroY, -430.24, gyroZ, -141.42, accX, 0.37, accY, -0.48, accZ, 0.52, Pitch, 26.89, Roll, -114.50, Yaw, -140.50
gyroX, 112.00, gyroY, -477.29, gyroZ, -130.92, accX, 0.45, accY, -0.47, accZ, 0.11, Pitch, -15.72, Roll, -68.19, Yaw, -47.10
gyroX, 190.98, gyroY, -492.80, gyroZ, -201.17, accX, 0.55, accY, -0.53, accZ, -0.35, Pitch, -49.44, Roll, -136.71, Yaw, 93.62
gyroX, 256.77, gyroY, -354.68, gyroZ, -226.07, accX, 0.34, accY, -0.62, accZ, -0.81, Pitch, -10.61, Roll, -130.60, Yaw, -154.32
gyroX, 196.90, gyroY, -382.57, gyroZ, -232.42, accX, 0.16, accY, -0.69, accZ, -0.88, Pitch, -18.50, Roll, -108.87, Yaw, -45.98
gyroX, 181.70, gyroY, -394.90, gyroZ, -228.82, accX, 0.30, accY, -0.56, accZ, -0.81, Pitch, -21.41, Roll, -127.98, Yaw, 135.28
gyroX, 157.23, gyroY, -419.56, gyroZ, -257.51, accX, 0.36, accY, -0.54, accZ, -0.72, Pitch, -15.80, Roll, -115.16, Yaw, -9.13
gyroX, 156.86, gyroY, -451.60, gyroZ, -327.64, accX, 0.52, accY, -0.58, accZ, -0.86, Pitch, -9.20, Roll, -129.28, Yaw, -119.30
gyroX, 180.97, gyroY, -416.20, gyroZ, -289.37, accX, 0.34, accY, -0.59, accZ, -0.69, Pitch, -22.21, Roll, -122.72, Yaw, 62.37
gyroX, -53.04, gyroY, -246.03, gyroZ, -187.56, accX, 0.43, accY, -0.72, accZ, -0.45, Pitch, 0.90, Roll, -146.28, Yaw, -142.91
gyroX, -188.90, gyroY, 54.69, gyroZ, -104.00, accX, 0.28, accY, -1.23, accZ, -0.04, Pitch, -13.20, Roll, 162.67, Yaw, -101.17
gyroX, -30.70, gyroY, -328.67, gyroZ, -318.36, accX, 0.50, accY, -0.90, accZ, -0.09, Pitch, 7.19, Roll, -57.99, Yaw, 87.21
gyroX, -92.47, gyroY, -159.06, gyroZ, -354.43, accX, 0.25, accY, -1.22, accZ, -0.05, Pitch, 3.30, Roll, 121.87, Yaw, -106.76
gyroX, 281.43, gyroY, -57.13, gyroZ, -485.05, accX, -0.25, accY, -2.72, accZ, -1.02, Pitch, -3.26, Roll, -73.06, Yaw, 38.91
gyroX, -70.68, gyroY, -603.15, gyroZ, -299.07, accX, -0.22, accY, -1.61, accZ, -0.24, Pitch, 52.73, Roll, -148.34, Yaw, -97.76
gyroX, 11.05, gyroY, -349.73, gyroZ, -261.11, accX, -0.21, accY, -1.21, accZ, 0.24, Pitch, -45.69, Roll, -81.71, Yaw, 65.44
gyroX, 230.59, gyroY, -0.85, gyroZ, -265.38, accX, 0.30, accY, -0.44, accZ, 0.20, Pitch, -63.05, Roll, 125.02, Yaw, -102.61
gyroX, 108.28, gyroY, 424.87, gyroZ, -177.86, accX, 0.01, accY, -1.48, accZ, -1.33, Pitch, -11.43, Roll, 101.91, Yaw, 96.94
gyroX, 159.55, gyroY, 35.40, gyroZ, -194.40, accX, -0.08, accY, -1.28, accZ, -0.97, Pitch, -6.77, Roll, 164.72, Yaw, -68.08
gyroX, 75.07, gyroY, 75.56, gyroZ, -170.84, accX, 0.15, accY, -0.97, accZ, 0.01, Pitch, -44.31, Roll, -123.18, Yaw, 0.69
gyroX, 27.04, gyroY, 51.64, gyroZ, -181.15, accX, 0.05, accY, -0.74, accZ, -0.31, Pitch, -67.65, Roll, 60.04, Yaw, -165.95
gyroX, 48.22, gyroY, 62.50, gyroZ, -173.40, accX, 0.33, accY, -0.78, accZ, -0.29, Pitch, 22.99, Roll, 107.35, Yaw, -161.73
gyroX, 123.17, gyroY, 174.93, gyroZ, -158.57, accX, 0.39, accY, -0.74, accZ, 0.06, Pitch, -46.72, Roll, -91.64, Yaw, -72.09
gyroX, 139.83, gyroY, 320.37, gyroZ, -125.06, accX, 0.43, accY, -0.54, accZ, 0.02, Pitch, 50.36, Roll, 18.28, Yaw, -175.83
gyroX, 28.99, gyroY, 343.02, gyroZ, -86.18, accX, 0.52, accY, -0.47, accZ, -0.07, Pitch, -33.16, Roll, -131.84, Yaw, -35.96
gyroX, -96.74, gyroY, 368.10, gyroZ, -42.42, accX, 0.29, accY, -0.17, accZ, 0.19, Pitch, 3.79, Roll, -41.24, Yaw, 140.26
gyroX, -172.49, gyroY, 371.46, gyroZ, 61.22, accX, 0.49, accY, -0.10, accZ, 0.30, Pitch, -12.16, Roll, -136.16, Yaw, -1.17
gyroX, -402.34, gyroY, 490.97, gyroZ, 92.53, accX, 0.63, accY, -0.47, accZ, 0.75, Pitch, -14.24, Roll, -79.03, Yaw, 97.98
gyroX, -337.46, gyroY, 394.47, gyroZ, 77.45, accX, -0.08, accY, -1.19, accZ, 0.74, Pitch, -70.71, Roll, -94.93, Yaw, -139.90
gyroX, 12.57, gyroY, 556.15, gyroZ, -70.62, accX, -0.55, accY, -1.46, accZ, 0.46, Pitch, 4.15, Roll, -111.21, Yaw, -38.27
gyroX, 98.33, gyroY, 538.39, gyroZ, -84.23, accX, -0.23, accY, -0.87, accZ, 0.47, Pitch, 23.59, Roll, -89.86, Yaw, 47.88
gyroX, 96.07, gyroY, 497.62, gyroZ, -111.45, accX, -0.69, accY, -0.78, accZ, 0.60, Pitch, 15.54, Roll, -70.63, Yaw, 137.10
gyroX, 84.96, gyroY, 33.63, gyroZ, -237.67, accX, -0.21, accY, -0.86, accZ, 0.76, Pitch, -15.04, Roll, -3.65, Yaw, -44.33
gyroX, -51.70, gyroY, 9.28, gyroZ, -217.53, accX, -0.10, accY, -1.07, accZ, 0.64, Pitch, -12.04, Roll, -4.83, Yaw, -138.34
gyroX, -31.80, gyroY, -163.88, gyroZ, -199.58, accX, -0.56, accY, -1.33, accZ, 0.75, Pitch, -2.98, Roll, 66.68, Yaw, 107.71
gyroX, -111.76, gyroY, -666.87, gyroZ, -144.29, accX, -0.36, accY, -1.64, accZ, 0.61, Pitch, -23.69, Roll, 94.26, Yaw, -95.64
gyroX, 62.32, gyroY, -200.32, gyroZ, -521.97, accX, -0.18, accY, -1.91, accZ, -0.59, Pitch, 39.71, Roll, -87.39, Yaw, -11.11
gyroX, -365.36, gyroY, 74.65, gyroZ, -568.60, accX, -0.07, accY, -2.45, accZ, -1.36, Pitch, -58.64, Roll, 163.79, Yaw, 47.74
gyroX, -1006.41, gyroY, 911.50, gyroZ, -324.89, accX, -0.25, accY, -2.01, accZ, -0.67, Pitch, 6.23, Roll, -128.07, Yaw, 53.96
gyroX, 56.46, gyroY, -374.51, gyroZ, -305.42, accX, -0.24, accY, -1.90, accZ, 0.22, Pitch, 5.63, Roll, 158.61, Yaw, 149.55
gyroX, -61.95, gyroY, -72.27, gyroZ, -152.77, accX, -0.84, accY, -1.63, accZ, 0.77, Pitch, -34.27, Roll, -158.54, Yaw, -154.60
gyroX, -77.64, gyroY, -249.39, gyroZ, -97.53, accX, 0.12, accY, -1.02, accZ, 0.63, Pitch, 18.97, Roll, -53.83, Yaw, 51.59
gyroX, -220.21, gyroY, -69.27, gyroZ, -84.72, accX, 0.31, accY, -0.74, accZ, 0.07, Pitch, -25.94, Roll, -170.79, Yaw, 119.79
gyroX, -55.60, gyroY, -79.96, gyroZ, -63.54, accX, 0.35, accY, -0.54, accZ, 0.04, Pitch, 10.89, Roll, 160.92, Yaw, 142.25
gyroX, 102.97, gyroY, -121.09, gyroZ, -4.94, accX, 0.43, accY, -0.38, accZ, -0.03, Pitch, 32.85, Roll, -141.34, Yaw, 164.39
gyroX, 182.19, gyroY, -269.84, gyroZ, -21.42, accX, 0.89, accY, -0.68, accZ, -0.15, Pitch, 1.06, Roll, -42.06, Yaw, -114.95
gyroX, 138.18, gyroY, -313.72, gyroZ, -97.66, accX, 0.51, accY, -0.80, accZ, -0.39, Pitch, -69.79, Roll, -147.81, Yaw, 55.23
gyroX, 173.46, gyroY, -550.17, gyroZ, -174.38, accX, 0.39, accY, -0.90, accZ, -0.45, Pitch, 2.96, Roll, -78.62, Yaw, -110.48
gyroX, 194.15, gyroY, -625.67, gyroZ, -240.05, accX, 0.49, accY, -0.96, accZ, -0.51, Pitch, -34.72, Roll, -138.13, Yaw, 64.96
gyroX, 179.32, gyroY, -777.65, gyroZ, -290.34, accX, 0.21, accY, -0.94, accZ, -0.32, Pitch, 0.59, Roll, -85.71, Yaw, -112.28
gyroX, 123.23, gyroY, -514.47, gyroZ, -261.05, accX, 0.46, accY, -1.00, accZ, -0.19, Pitch, -5.78, Roll, -99.84, Yaw, -123.17
gyroX, -23.74, gyroY, -146.61, gyroZ, -219.73, accX, 0.20, accY, -0.95, accZ, -0.19, Pitch, -43.12, Roll, -144.40, Yaw, -16.14
gyroX, -294.19, gyroY, -39.37, gyroZ, -159.48, accX, -0.00, accY, -1.22, accZ, -0.53, Pitch, -4.06, Roll, 114.86, Yaw, 43.80
gyroX, -373.47, gyroY, 170.47, gyroZ, -112.67, accX, 0.34, accY, -0.66, accZ, -0.69, Pitch, 36.04, Roll, -93.73, Yaw, 7.88
gyroX, 338.01, gyroY, -292.05, gyroZ, -279.05, accX, -0.08, accY, -0.46, accZ, -0.63, Pitch, -81.35, Roll, -85.60, Yaw, 99.45
gyroX, -102.84, gyroY, 291.02, gyroZ, -189.27, accX, -0.05, accY, -1.39, accZ, -0.82, Pitch, 56.17, Roll, 30.03, Yaw, -39.96
gyroX, 75.20, gyroY, -902.04, gyroZ, -415.10, accX, 0.54, accY, -1.04, accZ, -0.11, Pitch, 20.42, Roll, 151.11, Yaw, 86.90
gyroX, 360.05, gyroY, -383.36, gyroZ, -680.48, accX, -0.07, accY, -1.58, accZ, 0.00, Pitch, -66.70, Roll, 114.12, Yaw, 67.19
gyroX, -222.53, gyroY, -47.85, gyroZ, -57.98, accX, -0.24, accY, -1.76, accZ, -0.45, Pitch, -34.49, Roll, 159.95, Yaw, 10.42
gyroX, 36.38, gyroY, 166.38, gyroZ, -156.80, accX, -0.94, accY, -0.96, accZ, -0.33, Pitch, -4.13, Roll, 79.05, Yaw, 89.11
gyroX, 78.43, gyroY, 382.39, gyroZ, -96.07, accX, -0.02, accY, -0.91, accZ, -0.80, Pitch, -16.43, Roll, 154.24, Yaw, -153.86
gyroX, 106.99, gyroY, 38.02, gyroZ, -145.63, accX, -0.02, accY, -0.97, accZ, -0.67, Pitch, -39.10, Roll, -179.28, Yaw, -92.84
gyroX, -14.16, gyroY, -93.20, gyroZ, -153.69, accX, -0.04, accY, -0.93, accZ, -0.45, Pitch, 6.40, Roll, -172.03, Yaw, -19.40
gyroX, -22.71, gyroY, 45.41, gyroZ, -128.54, accX, -0.02, accY, -0.85, accZ, -0.46, Pitch, -18.16, Roll, -159.17, Yaw, 52.90
gyroX, -78.92, gyroY, 264.95, gyroZ, -103.52, accX, 0.19, accY, -0.44, accZ, -0.83, Pitch, -52.27, Roll, 18.46, Yaw, -150.86
gyroX, 14.22, gyroY, -214.36, gyroZ, -163.82, accX, 0.30, accY, -0.78, accZ, -0.40, Pitch, -2.85, Roll, 120.12, Yaw, 92.45
gyroX, 11.23, gyroY, 99.30, gyroZ, -108.58, accX, 0.30, accY, -0.75, accZ, -0.08, Pitch, -52.88, Roll, -102.80, Yaw, 160.82
gyroX, 96.13, gyroY, 401.79, gyroZ, -62.38, accX, 0.45, accY, -0.53, accZ, -0.71, Pitch, 20.44, Roll, 75.37, Yaw, 141.70
gyroX, -4.88, gyroY, 389.16, gyroZ, 23.99, accX, 0.41, accY, -0.26, accZ, -0.44, Pitch, -44.39, Roll, 99.13, Yaw, -54.29
gyroX, -292.72, gyroY, 580.51, gyroZ, 208.01, accX, 0.55, accY, -0.23, accZ, -0.24, Pitch, 14.01, Roll, 135.21, Yaw, -95.18
gyroX, -339.72, gyroY, 411.01, gyroZ, 240.23, accX, 0.57, accY, -0.87, accZ, 0.32, Pitch, 40.54, Roll, 168.76, Yaw, -75.59
gyroX, -231.02, gyroY, 250.55, gyroZ, 77.03, accX, 0.30, accY, -1.17, accZ, 0.45, Pitch, -27.44, Roll, -3.48, Yaw, 28.45
gyroX, -146.18, gyroY, 69.52, gyroZ, -107.60, accX, 0.61, accY, -1.15, accZ, 0.28, Pitch, -16.44, Roll, -59.63, Yaw, 1.20
gyroX, -266.05, gyroY, -378.97, gyroZ, -116.58, accX, 0.14, accY, -1.06, accZ, 0.20, Pitch, -10.01, Roll, 173.30, Yaw, 100.40
gyroX, -17.58, gyroY, -329.41, gyroZ, -39.67, accX, -0.12, accY, -1.26, accZ, 0.09, Pitch, 56.89, Roll, -0.06, Yaw, -75.67
gyroX, -380.25, gyroY, 483.70, gyroZ, 34.18, accX, 0.21, accY, -0.93, accZ, -0.22, Pitch, 0.36, Roll, -165.05, Yaw, -155.23
gyroX, 145.57, gyroY, 415.89, gyroZ, 43.40, accX, 0.51, accY, -1.30, accZ, 0.45, Pitch, 35.50, Roll, 3.93, Yaw, 10.54
gyroX, -197.81, gyroY, -60.79, gyroZ, -29.30, accX, 0.29, accY, -1.09, accZ, 1.07, Pitch, 58.55, Roll, -121.74, Yaw, -47.36
gyroX, -59.94, gyroY, 152.16, gyroZ, 39.06, accX, 0.05, accY, -1.15, accZ, 0.86, Pitch, 56.74, Roll, -95.52, Yaw, 16.03
gyroX, 63.84, gyroY, 781.86, gyroZ, 28.99, accX, -0.08, accY, -1.59, accZ, 0.37, Pitch, 11.45, Roll, -48.04, Yaw, 109.71
gyroX, 155.88, gyroY, 566.71, gyroZ, -406.31, accX, -0.30, accY, -1.32, accZ, -0.09, Pitch, 17.60, Roll, -65.10, Yaw, 5.16
gyroX, -724.12, gyroY, -284.73, gyroZ, -227.84, accX, 1.27, accY, -1.12, accZ, 0.31, Pitch, -40.07, Roll, -17.59, Yaw, 9.26
gyroX, -507.93, gyroY, -690.19, gyroZ, -39.18, accX, 2.68, accY, -0.88, accZ, 1.19, Pitch, -75.09, Roll, 134.76, Yaw, 161.88
gyroX, 138.98, gyroY, -413.02, gyroZ, -216.92, accX, 0.49, accY, -0.32, accZ, 0.12, Pitch, 26.55, Roll, 133.18, Yaw, 150.26
gyroX, 213.87, gyroY, -694.27, gyroZ, -230.10, accX, 0.65, accY, -0.87, accZ, 0.20, Pitch, 60.73, Roll, -179.41, Yaw, -179.75
gyroX, 59.63, gyroY, -192.20, gyroZ, -78.67, accX, 0.75, accY, -0.80, accZ, 0.36, Pitch, -62.43, Roll, 154.82, Yaw, 168.34
gyroX, -45.35, gyroY, -150.88, gyroZ, -82.03, accX, 0.74, accY, -0.61, accZ, 0.29, Pitch, 9.61, Roll, 138.93, Yaw, 151.47
gyroX, -12.63, gyroY, -255.68, gyroZ, -88.26, accX, 0.37, accY, -0.63, accZ, -0.20, Pitch, 37.11, Roll, -16.01, Yaw, -26.04
gyroX, 52.49, gyroY, -316.41, gyroZ, -139.47, accX, 0.45, accY, -0.68, accZ, -0.15, Pitch, -49.21, Roll, -171.26, Yaw, 144.79
gyroX, 141.72, gyroY, -384.40, gyroZ, -250.18, accX, 0.46, accY, -0.39, accZ, 0.07, Pitch, -23.37, Roll, -82.76, Yaw, -23.70
gyroX, 211.91, gyroY, -421.26, gyroZ, -306.88, accX, 0.81, accY, -0.59, accZ, 0.09, Pitch, -21.74, Roll, -164.64, Yaw, -182.55
gyroX, 312.50, gyroY, -315.06, gyroZ, -271.42, accX, 1.20, accY, -0.76, accZ, 0.32, Pitch, -43.55, Roll, -95.00, Yaw, -37.38
gyroX, -610.23, gyroY, 263.98, gyroZ, 142.88, accX, 0.40, accY, -2.83, accZ, 1.65, Pitch, -40.81, Roll, -114.26, Yaw, -88.51
gyroX, -809.57, gyroY, 100.34, gyroZ, -105.59, accX, -0.34, accY, -2.04, accZ, 0.63, Pitch, -28.83, Roll, -53.70, Yaw, -77.83
gyroX, 212.34, gyroY, -261.84, gyroZ, -254.76, accX, -0.64, accY, -1.20, accZ, -0.70, Pitch, 4.96, Roll, -163.06, Yaw, 147.97
gyroX, 226.44, gyroY, -31.92, gyroZ, -190.49, accX, -0.44, accY, -1.04, accZ, -0.63, Pitch, -56.98, Roll, -80.39, Yaw, -183.37
gyroX, 58.90, gyroY, 328.92, gyroZ, -136.11, accX, -0.76, accY, -0.72, accZ, -1.25, Pitch, -40.60, Roll, 36.04, Yaw, 118.17
gyroX, -87.59, gyroY, 615.17, gyroZ, 2.01, accX, -0.01, accY, -0.13, accZ, -2.52, Pitch, 34.48, Roll, 151.83, Yaw, -47.82
gyroX, -51.27, gyroY, -574.34, gyroZ, -88.50, accX, 0.46, accY, -1.14, accZ, -0.91, Pitch, 66.34, Roll, -81.80, Yaw, 97.67
gyroX, -138.37, gyroY, -1558.47, gyroZ, -107.73, accX, 3.62, accY, -0.69, accZ, -0.27, Pitch, -2.99, Roll, -26.02, Yaw, 168.71
gyroX, 223.57, gyroY, 111.27, gyroZ, -59.20, accX, -0.24, accY, -0.88, accZ, 1.44, Pitch, -43.93, Roll, 10.09, Yaw, 160.25
gyroX, -38.64, gyroY, -184.33, gyroZ, -208.86, accX, 0.21, accY, -1.28, accZ, 0.10, Pitch, 5.91, Roll, 98.39, Yaw, -68.74
gyroX, 74.77, gyroY, -61.52, gyroZ, -238.40, accX, -0.09, accY, -1.03, accZ, -0.12, Pitch, 33.50, Roll, -84.08, Yaw, 71.21
gyroX, 234.31, gyroY, -78.67, gyroZ, -322.08, accX, -0.37, accY, -1.49, accZ, -0.90, Pitch, -24.36, Roll, 118.69, Yaw, -48.46
gyroX, -186.52, gyroY, 171.33, gyroZ, 32.29, accX, -0.20, accY, -0.60, accZ, -0.42, Pitch, 8.75, Roll, 90.97, Yaw, -120.03
gyroX, -203.67, gyroY, 282.29, gyroZ, 159.48, accX, 0.19, accY, -0.84, accZ, -0.24, Pitch, 48.00, Roll, 9.82, Yaw, 16.37
